Inst,year,latitude,longitude
A V S COLLEGE OF TECHNOLOGY,2013,14.3036711,79.9189204
A.C.T COLLEGE OF ENGINEERING AND TECHNOLOGY,2008,12.622258,79.8303616
A.R COLLEGE OF ENGINEERING & TECHNOLOGY,2009,8.8282985,77.4023831
A.R.J COLLEGE OF ENGINEERING AND TECHNOLOGY,2002,10.6186084,79.4531604
A.V.C.COLLEGE OF ENGINEERING,1996,11.1053409,79.6930061
AALIM MUHAMMED SALEGH COLLEGE OF ENGINEERING,2000,13.1470519,80.0594297
ADHI COLLEGE OF ENGINEERING AND TECNOLOGY,2008,12.798629,79.861963
ADHIPARASAKTHI COLLEGE OF ENGINEERING,2001,12.4339349,79.8218879
ADHIPARASAKTHI ENGINEERING COLLEGE,1984,12.4339349,79.8218879
ADHIYAMAAN COLLEGE OF ENGINEERING (ENGINEERING & TECHNOLOGY),1991,12.7166655,77.8701854
ADITHYA INSTITUTE OF TECHNOLOGY,2008,11.112592,77.035749
AGNI COLLEGE OF TECHNOLOGY,2001,12.8484711,80.1955268
AISHWARYA COLLEGE OF ENGINEERING AND TECHNOLOGY,2011,11.5165069,77.6423367
AKSHAYA COLLEGE OF ENGINEERING AND TECHNOLOGY,2009,10.8095427,77.0108503
AKSHEYAA COLLEGE OF ENGINEERING,2009,12.5965168,79.8535967
AL-AMEEN ENGINEERING COLLEGE,2009,11.193489,77.802417
ALAGAPPA CHETTIAR COLLEGE OF ENGINEERING AND TECHNOLOGY,1952,10.0904484,78.7952384
ALPHA COLLEGE OF ENGINEERING,2006,13.055177,80.069078
AMRITA VISWA VIDYAPEETHAM,2003,10.902469,76.900199
ANAND INSTITUTE OF HIGHER TECHNOLOGY,2000,12.8194573,80.2272516
ANGEL COLLEGE OF ENGINEERING AND TECHNOLOGY,2007,11.0110448,77.3982734
ANJALAI AMMAL MAHALINGAM ENGINEERING COLLEGE,1995,10.7788581,79.3659155
ANNAI COLLEGE OF ENGINEERING & TECHNOLOGY,2009,13.071243,80.219496
ANNAI MATHAMMAL SHEELA ENGINEERING COLLEGE,1996,11.1588915,78.3081143
ANNAI MIRA COLLEGE OF ENGINEERING AND TECHNOLOGY,2012,12.9431098,79.2288514
ANNAI TERESA COLLEGE OF ENGINEERING,1998,11.7648774,79.4158101
ANNAI VAILANKANNI COLLEGE OF ENGINEERING,2008,8.1356115,77.5246919
ANNAI VEILANKANNIS COLLEGE OF ENGINEERING,2012,12.9265325,80.1078282
ANNAMALAIAR COLLEGE OF ENGINEERING,2009,12.5019558,79.2431402
ANNAPOORANA ENGINEERING COLLEGE,2010,11.580501,78.0479584
APOLLO ENGINEERING COLLEGE,2007,13.0371449,80.0149405
APOLLO PRIYADARSHANAM INSTITUTE OF TECHNOLOGY,2010,12.8394209,79.9141541
ARASU ENGINEERING COLLEGE,2001,11.013845,79.409565
ARIGNAR ANNA INSTITUTE OF SCIENCE AND TECHNOLOGY,2000,12.967461,79.941824
ARINGER ANNA COLLEGE OF ENGINEERING AND TECHNOLOGY,2014,10.6168634,77.5809267
ARJUN COLLEGE OF TECHNOLOGY,2013,10.778284,77.0513785
ARM COLLEGE OF ENGINEERING AND TECHNOLOGY,2008,12.8116653,79.9996626
ARS COLLEGE OF ENGINEERING,2009,12.7878454,80.0359797
ARULMIGU MEENAKSHI AMMAN COLLEGE OF ENGINEERING,1985,12.7856223,79.6272274
ARULMURUGAN COLLEGE OF ENGINEERING,2012,12.9485856,80.1410126
ARUNACHALA COLLEGE OF ENGINEERING FOR WOMEN,2009,8.1617778,77.3326162
ARUNAI COLLEGE OF ENGINEERING,2001,12.1931016,79.0834308
ARUNAI ENGINEERING COLLEGE,1993,12.1931016,79.0834308
AS-SALAM COLLEGE OF ENGINEERING AND TECHNOLOGY,2009,11.0323865,79.4700369
ASAN MEMORIAL COLLEGE OF ENGINEERING AND TECHNOLOGY,2002,12.6485405,80.0441927
ASIAN COLLEGE OF ENGINEERING AND TECHNOLOGY,2013,11.1371665,77.0170224
ASL PAULS COLLEGE OF ENGINEERING AND TECHNOLOGY,2010,10.840682,77.005764
AVINASHILINGAM DEEMED UNIVERSITY FOR WOMEN,1988,11.021,76.9549
AVS ENGINEERING COLLEGE,2008,11.663747,78.183523
BALAJI INSTITUTE OF ENGINEERING AND TECHNOLOGY,2008,12.7064717,80.1994658
BANNARI AMMAN INSTITUTE OF TECHNOLOGY,1996,11.4952001,77.2764329
BETHLAHEM INSTITUTE OF ENGINEERING,2008,8.2267228,77.2445726
BHAJARANG ENGINEERING COLLEGE,2001,13.1375085,79.9976241
BHARATH NIKETAN ENGINEERING COLLEGE,1998,9.9948229,77.673372
BHARATHIDASAN ENGINEERING COLLEGE,2002,12.5857416,78.5243779
BHARATHIYAR INSTITUTE OF ENGINEERING FOR WOMEN,2008,11.5874463,78.739754
C.A.R.E. GROUP OF INSTITUTIONS,2009,"10.7691039,",78.6137009
C.ABDUL HAKEEM COLLEGE OF ENGINEERING & TECHNOLOGY,1998,12.9071942,79.2957544
C.K. COLLEGE OF ENGINEERING & TECHNOLOGY,2002,11.7342385,79.767438
C.R.ENGINEERIN COLLEGE,2011,16.1171506,80.1784392
C.S.I. INSTITUTE OF TECHNOLOGY,1995,8.2410914,77.5010259
CAPE INSTITUTE OF TECHNOLOGY,2001,8.1773941,77.5522692
CAUVERY COLLEGE OF ENGINEERING AND TECHNOLOGY,2008,10.8437802,78.618443
CENTRAL INSTITUTE OF PLASTICS ENGINEERING AND TECHNOLOGY,1968,13.01362,80.205581
CHANDY COLLEGE OF ENGINEERING,2009,8.7246552,78.1077981
CHENDHURAN COLLEGE OF ENGINEERING & TECHNOLOGY,2008,10.2924248,78.7660182
CHENDU COLLEGE OF ENGINEERING AND TECHNOLOGY,2012,12.4465273,79.9346646
CHENNAI INSTITUTE OF TECHNOLOGY,2010,12.9883959,80.1225078
CHERAN COLLEGE OF ENGINEERING,2012,10.962427,77.895426
CHETTINAD COLLEGE OF ENGINEERING & TECHNOLOGY,2007,10.9366721,78.1343507
CHRIST THE KING ENGINEERING COLLEGE,2010,11.2257892,76.9808677
CHRISTIAN COLLEGE OF ENGINEERING AND TECHNOLOGY,2001,10.483381,77.7593422
CMS COLLEGE OF ENGINEERING,2007,11.2656685,78.0969256
CMS COLLEGE OF ENGINEERING AND TECHNOLOGY,2009,10.823099,76.893354
COIMBATORE INSTITUTE OF ENGINEERING AND TECHNOLOGY,2001,10.995794,76.7713197
COIMBATORE INSTITUTE OF TECHNOLOGY,1956,10.9082929,76.9780469
CSI COLLEGE OF ENGINEERING,1998,8.5383414,77.9706528
DHAANISH AHMED COLLEGE OF ENGINEERING,2002,12.872608,79.9947488
DHAANISH AHMED INSTITUTE OF TECHNOLOGY,2013,10.8484376,76.8783975
DHANALAKSHMI COLLEGE OF ENGINEERING,2000,12.9308941,80.0447602
DHANALAKSHMI SRINIVASAN COLLEGE OF ENGINEERING,2008,12.6203264,80.1805803
DHANALAKSHMI SRINIVASAN COLLEGE OF ENGINEERING AND TECHNOLOGY,2001,12.6203264,80.1805803
DHANALAKSHMI SRINIVASAN ENGINEERING COLLEGE,2001,12.6203264,80.1805803
DHANALAKSHMI SRINIVASAN INSTITUTE OF RESEARCH AND TECHNOLOGY,2012,11.1990307,78.8748944
DHANALAKSHMI SRINIVASAN INSTITUTE OF TECHNOLOGY,2012,10.9291395,78.747975
DHIRAJLAL GANDHI COLLEGE OF TECHNOLOGY,2011,11.7968822,78.0561824
DMI COLLEGE OF ENGINEERING,2001,13.0243457,80.0297463
DMI ENGINEERING COLLEGE,2009,8.248261,77.54797
DR N.G.P.INSTITUTE OF TECHNOLOGY,2007,11.062474,77.034716
DR. G.U. POPE COLLEGE OF ENGINEERING,2002,8.6887237,78.0341645
DR. PAULS ENGINEERING COLLEGE,1998,12.0309897,79.7645202
DR. SIVANTHI ADITANAR COLLEGE OF ENGINEERING,1995,8.40426,77.9874158
DR.MAHALINGAM COLLEGE OF ENGINEERING AND TECHNOLOGY,1998,10.6553941,77.0364225
DR.NAGARATHINAM'S COLLEGE OF ENGINEERING,2009,11.5241538,78.1104715
DR.NALLINI INSTITUTE OF ENGINEERING AND TECHNOLOGY,2009,10.717092,77.5486865
DR.NAVALAR NEDUNCHEZHIYAN COLLEGE OF ENGINEERING,1995,11.4239364,78.977344
E.G.S. PILLAY ENGINEERING COLLEGE,1995,9.5572928,77.682464
E.S.ENGINEERING COLLEGE,2007,13.3378455,80.1357365
EASA COLLEGE OF ENGINEERING & TECHNOLOGY,2008,10.865127,76.881422
EASWARI ENGINEERING COLLEGE,1996,13.0330868,80.178389
EINSTEIN COLLEGE OF ENGINEERING,2004,8.7827199,77.6113673
ER. PERUMAL MANIMEKALAI COLLEGE OF ENGINEERING,2002,12.6730407,77.965915
ERODE BUILDER EDUCATIONAL TRUST'S GROUP OF INSTITUTIONS,2009,11.0711504,77.6524293
ERODE SENGUNTHAR ENGINEERING COLLEGE,1996,11.3141026,77.5513903
EXCEL COLLEGE OF ENGINEERING & TECHNOLOGY,2009,11.446323,77.769221
EXCEL COLLEGE OF TECHNOLOGY,2008,11.446323,77.769221
EXCEL ENGINEERING COLLEGE,2007,11.448607,77.771537
FATIMA MICHAEL COLLEGE OF ENGINEERING & TECHNOLOGY,2009,9.8757857,78.2739401
FRANCIS XAVIER ENGINEERING COLLEGE,2000,8.7320871,77.7241048
G K M COLLEGE OF ENGINEERING AND TECHNOLOGY,1996,12.8951663,80.1219745
GANADIPATHY TULSI'S JAIN ENGINEERING COLLEGE,2000,12.8162026,79.1358027
GANAPATHY CHETTIAR COLLEGE OF ENGINEERING AND TECHNOLOGY,2008,9.4871132,78.5635533
GANESH COLLEGE OF ENGINEERING,2011,11.6661947,78.3065133
GGR COLLEGE OF ENGINEERING,2001,12.9520016,79.2134535
GLOBAL INSTITUTE OF ENGINEERING AND TECHNOLOGY,2009,12.9265546,79.2703507
GNANAMANI COLLEGE OF ENGINEERING,2009,11.4207525,78.1582246
GNANAMANI COLLEGE OF TECHNOLOGY,2006,11.4207525,78.1582246
GOPAL RAMALINGAM MEMORIAL ENGINEERING COLLEGE,2008,12.863597,79.971864
GOVERNMENT COLLEGE OF ENGINEERING SRIRANGAM,2013,10.8560297,78.6965972
GOVERNMENT COLLEGE OF ENGINEERING TIRUNELVELI,1981,8.6861604,77.7257931
GOVERNMENT COLLEGE OF ENGINEERINGBARGUR,1991,12.5472014,78.3322299
GOVERNMENT COLLEGE OF ENGINEERINGSALEM,1966,11.7138627,78.0854452
GREENTECH COLLEGE OF ENGINEERING FOR WOMEN,2008,11.6164669,78.5636062
GRT INSTITUTE OF ENGINEERING AND TECHNOLOGY,2008,13.193289,79.647448
HINDUSTHAN COLLEGE OF ENGINEERING AND TECHNOLOGY,2000,12.8637777,79.9919942
HINDUSTHAN INSTITUTE OF TECHNOLOGY,2007,10.8945458,76.9970671
HOLYCROSS ENGINEERING COLLEGE,2009,8.6994408,77.9729727
HOSUR INSTITUTE OF TECHNOLOGY AND SCIENCE,2012,12.6468188,78.0769037
IDHAYA ENGINEERING COLLEGE FOR WOMEN,2001,11.621384,78.8879299
IFET COLLEGE OF ENGINEERING,1998,11.9205573,79.6109033
IMAYAM COLLEGE OF ENGINEERING,2009,11.1034472,78.5653754
IMMANUEL ARASAR JJ COLLEGE OF ENGINEERING,2009,8.2794238,77.2405601
INDIAN INSTITUTE OF CROP PROCESSING TECHNOLOGY,1967,10.7315585,79.1033328
INDIAN INSTITUTE OF HANDLOOM TECHNOLOGY,1960,11.6624889,78.1699814
INDIRA GANDHI COLLEGE OF ENGINEERING AND TECHNOLOGY FOR WOMEN,2008,12.7261022,79.9533159
INDIRA INSTITUTE OF ENGINEERING AND TECHNOLOGY,2007,13.1519493,79.848581
INDRA GANESAN COLLEGE OF ENGINEERING,2008,10.739432,78.637518
INFANT JESUS COLLEGE OF ENGINEERING,2002,8.716996,77.849691
INFO INSTITUTE OF ENGINEERING,2007,11.1303668,77.0344652
INSTITUTE OF ROAD AND TRANSPORT TECHNOLOGY,1984,11.416932,77.6650405
J.J. COLLEGE OF ENGINEERING AND TECHNOLOGY,1994,10.7281137,78.5582774
J.K.K.NATTRAJA COLLEGE OF ENGINEERING & TECHNOLOGY,2008,11.4437104,77.7303423
J.P. COLLEGE OF ENGINEERING,2008,8.993189,77.3313656
JAIRUPAA COLLEGE OF ENGENEERING,2012,11.1033995,77.465694
JAMES COLLEGE OF ENGINEERING AND TECHNOLOGY,2007,8.2465703,77.420931
JANSONS INSTITUTE OF TECHNOLOGY,2009,11.1152089,77.1880571
JAWAHAR ENGINEERING COLLEGE,2010,13.0552578,80.2005189
JAY SHRIRAM GROUP OF INSTITUTIONS,2009,10.9726163,77.4241179
JAYA ENGINEERING COLLEGE,1995,13.135444,80.045313
JAYA INSTITUTE OF TECHNOLOGY,2001,13.2010087,79.7844919
JAYA SURIYA ENGINEERING COLLEGE,2010,13.2122891,80.0720501
JAYALAKSHMI INSTITUTE OF TECHNOLOGY,2008,11.9474605,78.0496799
JAYAM COLLEGE OF ENGINEERING AND TECHNOLOGY,1997,12.1400226,78.0099787
JAYAMATHA ENGINEERING COLLEGE,1995,8.265453,77.5511944
JAYARAJ ANNAPACKIAM CSI COLLEGE OF ENGTINEERING,2001,8.5383414,77.9706528
JAYARAM COLLEGE OF ENGINEERING AND TECHNOLOGY,1994,11.075626,78.6022767
JCT COLLEGE OF ENGINEERING AND TECHNOLOGY,2009,10.8364199,76.8789764
JEI MATHAAJEE COLLEGE OF ENGINEERING,2008,12.8341735,79.7036402
JEPPIAAR INSTITUTE OF TECHNOLOGY,2011,12.889499,79.8745966
JERUSALEM COLLEGE OF ENGINEERING,1995,12.945456,80.2076107
JKK MUNIRAJAH COLLEGE OF TECHNOLOGY,2008,11.519507,77.395884
JNN INSTITUTE OF ENGINEERING,2008,13.262192,80.105998
JOE SURESH ENGINEERING COLLEGE,2001,8.6045788,77.6843698
JOHN BOSCO ENGINEERING COLLEGE,2009,13.1155508,79.9226671
K RAMAKRISHNAN COLLEGE OF TECHNOLOGY,2010,10.9289129,78.7371702
K S R COLLEGE OF ENGINEERING,2001,11.3629062,77.8279545
K S R INSTITUTE FOR ENGINEERING AND TECHNOLOGY,2011,11.3583939,77.8319147
K. RAMAKRISHNAN COLLEGE OF ENGINEERING,2008,10.9229564,78.7405358
K.L.N. COLLEGE OF INFORMATION TECHNOLOGY,2001,9.8361252,78.1591415
K.L.N.COLLEGE OF ENGINEERING,1994,9.8361496,78.1620125
K.N.S.K COLLEGE OF ENGINEERING,2007,8.19352,77.455413
K.S.RANGASAMY COLLEGE OF TECHNOLOGY,1994,11.3725387,77.8252923
KALAIGNAR KARUNANIDHI INSTITUTE OF TECHNOLOGY,2008,10.9999733,77.0848661
KALAIVANI COLLEGE OF TECHNOLOGY,2009,10.879618,76.9595934
KALASALINGAM INSTITUTE OF TECHNOLOGY,2008,9.5744227,77.6833471
KAMARAJ COLLEGE OF ENGINEERING & TECHNOLOGY,1998,9.6732651,77.9638713
KANCHI PALLAVAN ENGINEERING COLLEGE,2001,12.7850615,79.6521912
KARPAGA VINAYAGA COLLEGE OF ENGINEERING AND TECHNOLOGY,2001,13.0549526,80.2209395
KARPAGAM COLLEGE OF ENGINEERING,2000,10.879573,77.021917
KARPAGAM INSTITUTE OF TECHNOLOGY,2008,10.9082929,76.9780469
KARUR COLLEGE OF ENGINEERING,2010,10.9788636,78.038436
KATHIR COLLEGE OF ENGINEERING,2008,11.0676425,77.0818813
KCG COLLEGE OF TECHNOLOGY,1998,12.8784409,80.2268302
KGISL INSTITUTE OF TECHNOLOGY,2008,11.0849382,76.9983835
KING COLLEGE OF TECHNOLOGY,2007,11.1703712,78.2023949
KINGS COLLEGE OF ENGINEERING,2001,10.647238,79.048819
KINGS ENGINEERING COLLEGE,2001,13.0826802,80.2707185
KINGSTON ENGINEERING COLLEGE,2008,12.9370811,79.2432654
KNOWLEDGE INSTITUTE OF TECHNOLOGY,2009,11.5543945,78.0190036
KONGU ENGINEERING COLLEGE,1984,11.2735611,77.6073145
KONGUNADU COLLEGE OF ENGINEERING AND TECHNOLOGY,2007,11.0148043,78.2981265
KPR INSTITUTE OF ENGINEERING AND TECHNOLOGY,2009,11.0833691,77.1402473
KRISHNASAMY COLLEGE OF ENGINEERING & TECHNOLOGY,2001,10.997616,77.000352
KRS COLLEGE OF ENGINEERING,2009,12.4732228,79.5786953
KSK COLLEGE OF ENGINEERING AND TECHNOLOGY,2011,10.9468799,79.3456454
KTVR KNOWLEDGE PARK FOR ENGINEERING & TECHNOLOGY,2008,11.1999831,76.9538639
KUMARAGURU COLLEGE OF TECHNOLOGY,1984,11.0771544,76.9887876
KURINJI COLLEGE OF ENGINEERING AND TECHNOLOGY,2000,10.5893109,78.37249
LATHA MATHAVAN ENGINEERING COLLEGE,2007,9.891185,78.1127214
LORD AYYAPPA INSTITUTE OF ENGINEERING & TECHNOLOGY,2009,12.7971389,79.8180986
LORD JEGANNATH COLLEGE OF ENGINEERING AND TECHNOLOGY,2006,8.1705,77.5243212
LORD VENKATESHWARAA ENGINEERING COLLEGE,2001,12.7775327,79.85155
LOYOLA-ICAM COLLEGE OF ENGINEERING AND TECHNOLOGY,2010,13.0592975,80.2336586
LOYOLA INSTITUTE OF TECHNOLOGY,2003,13.0250301,80.0337518
LOYOLA INSTITUTE OF TECHNOLOGY & SCIENCE,2008,8.2063721,77.4938518
M.A.M. COLLEGE OF ENGINEERING,1998,10.9944038,78.779515
M.A.M. SCHOOL OF ENGINEERING,2010,10.9960536,78.7785199
M.A.R. COLLEGE OF ENGINEERING AND TECHNOLOLGY,2008,10.6372519,78.5814327
M.E.T. ENGINEERING COLLEGE,2009,8.2580937,77.5058017
M.I.E.T. ENGINEERING COLLEGE,1998,10.7297907,78.7075837
M.KUMARASAMY COLLEGE OF ENGINEERING,2000,11.054935,78.048076
M.P.NACHIMUTHU M.JAGANATHAN ENGINEERING COLLEGE,2001,11.1846833,77.6235413
MAAMALLAN INSTITUTE OF TECHNOLOGY,2001,12.9618299,79.8994982
MADHA ENGINEERING COLLEGE,1998,12.9883959,80.1225078
MADHA INSTITUTE OF ENGINEERING AND TECHNOLOGY,2009,12.9883959,80.1225078
MADURAI INSTITUTE OF ENGINEERING & TECHNOLOGY,2009,9.893398,78.1767499
MAGNA COLLEGE OF ENGINEERING,1999,13.2125722,80.0452842
MAHA BARATHI ENGINEERING COLLEGE,2008,11.6031504,78.8258766
MAHAKAVI BHARATHIYAR COLLEGE OF ENGINEERING & TECHNOLOGY,2008,9.2680391,77.4099497
MAHALAKSHMI ENGINEERING COLLEGE,2011,10.8905093,78.6372821
MAHARAJA ENGINEERING COLLEGE,1994,11.205623,77.314494
MAHARAJA ENGINEERING COLLEGE FOR WOMEN,2008,11.2831412,77.6079155
MAHARAJA INSTITUTE OF TECHNOLOGY,2006,11.0785722,77.1093233
MAHARAJA PRITHVI ENGINEERING COLLEGE,2002,11.2056232,77.3144936
MAHATH AMMA INSTITUTE OF ENGINEERING AND TECHNOLOGY,2009,10.4263544,78.7472534
MAHENDRA COLLEGE OF ENGINEERING,2005,11.668135,78.264344
MAHENDRA ENGINEERING COLLEGE,1995,11.476513,77.999765
MAHENDRA ENGINEERING COLLEGE FOR WOMEN,2008,11.3686679,77.9249584
MAHENDRA INSTITUTE OF ENGINEERING AND TECHNOLOGY,2009,11.4896932,78.0042947
MAHENDRA INSTITUTE OF TECHNOLOGY,2007,11.3785593,77.9025964
MAILAM ENGINEERING COLLEGE,1998,12.1169984,79.6154845
MANGAYARKARASI COLLEGE OF ENGINEERING,2013,9.9564026,78.0685312
MAR EPHRAEM COLLEGE OF ENGINEERING AND TECHNOLOGY,2009,8.2793055,77.2198287
MARIA COLLEGE OF ENGINEERING AND TECHNOLOGY,2008,8.3267826,77.2596428
MARTHANDAM COLLEGE OF ENGINEERING AND TECHNOLOGY,2006,8.3267826,77.2596428
MEENAKSHI COLLEGE OF ENGINEERING,2001,13.0415359,80.1886203
MEENAKSHI RAMASWAMY ENGINEERING COLLEGE,2009,11.1623072,79.2785885
MEENAKSHI SUNDARARAJAN ENGINEERING COLLEGE,2001,13.0561096,80.2270774
MEPCO SCHLENK ENGINEERING COLLEGE,1984,9.5246787,77.8553089
MISRIMAL NAVAJEE MUNOTH JAIN ENGINEERING COLLEGE,1994,12.9457812,80.2452006
MNSK COLLEGE OF ENGINEERING,2002,10.3160118,78.899501
MOHAMED SATHAK A.J COLLEGE OF ENGINEERING,2001,9.2365111,78.7591645
MOHAMED SATHAK ENGINEERING COLLEGE,1984,9.2365111,78.7591645
MOOKAMBIGAI COLLEGE OF ENGINEERING,1985,10.8225355,78.6732027
MOTHER TERASA COLLEGE OF ENGINEERING AND TECHNOLOGY,2009,10.4971901,78.6438649
MOUNT ZION COLLEGE OF ENGINEERING AND TECHNOLOGY,2001,10.294462,78.764419
MRK INSTITUTE OF TECHNOLOGY,2009,11.2756364,79.5382147
MUTHAYAMMAL COLLEGE OF ENGINEERING,2011,11.4445344,78.226125
MUTHAYAMMAL ENGINEERING COLLEGE,2000,11.4445344,78.226125
N.P.R COLLEGE OF ENGINEERING & TECHNOLOGY,2008,10.299325,78.0800572
N.S.N. COLLEGE OF ENGINEERING AND TECHNOLOGY,2011,10.8922467,78.027387
NADAR SARASWATHI COLLEGE OF ENGINEERING & TECHNOLOGY,2010,10.030106,77.506996
NANDHA COLLEGE OF TECHNOLOGY,2008,11.2858188,77.6196849
NANDHA ENGINEERING COLLEGE,2001,11.2851955,77.6215721
NARASU'S SARATHY INSTITUTE OF TECHNOLOGY,2008,11.8401187,78.059844
NARAYANAGURU COLLEGE OF ENGINEERING,2002,8.40499,77.210857
NARAYANAGURU SIDDHARTHA COLLEGE OF ENGINEERING,2014,8.315727,77.1760529
NATIONAL COLLEGE OF ENGINEERING,2000,8.5877218,77.7115841
NEHRU INSTITUTE OF ENGINEERING AND TECHNOLOGY,2006,10.869889,76.9263942
NEHRU INSTITUTE OF TECHNOLOGY,2008,10.8675918,76.9164087
NELLIANDAVAR INSTITUTE OF TECHNOLOGY,2013,11.092208,79.1372252
"NEW PRINCE SHRI BHAVANI COLLEGE OF ENGG
& TECH",2008,12.9140422,80.1690683
NIGHTINGATE INSTITUTE OF TECHNOLOGY,2012,10.8987006,76.9470352
NOORUL ISLAM COLLEGE OF ENGINEERING,2008,8.248555,77.348574
OAS INSTITUTE OF TECHNOLOGY AND MANAGEMENT GROUP OF INSTITUTIONS,2010,11.020922,78.634268
ODAIYAPPA COLLEGE OF ENGINEERING AND TECHNOLOGY,1999,10.020433,77.518229
OXFORD COLLEGE OF ENGINEERING,2009,10.788159,78.6537031
OXFORD ENGINEERING COLLEGE,1998,10.788159,78.6537031
P.A.COLLEGE OF ENGINEERING AND TECHNOLOGY,2008,10.6796538,77.0336756
P.B.COLLEGE OF ENGINEERING,2002,12.9849041,79.9857903
P.R.ENGINEERING COLLEGE,2000,10.7192892,79.0426116
P.S.R.ENGINEERING COLLEGE,1999,13.3378455,80.1357365
P.S.V.COLLEGE OF ENGINEERING AND TECHNOLOGY,2008,12.534479,78.3029554
P.T.LEE CHENGALVARAYA NAICKER COLLEGE OF ENGINEERING & TECHNOLOGY,2001,12.9252854,79.680705
P.T.R. COLLEGE OF ENGINEERING & TECHNOLOGY,2001,9.8740294,78.014512
PAAVAAI GROUP OF INSTITUTIONS,2010,11.3996718,78.1628562
PAAVAI COLLEGE OF ENGINEERING,2006,11.3987961,78.1624621
PAAVAI ENGINEERING COLLEGE,2001,11.3987961,78.1624621
PALLAVA RAJA COLLEGE OF ENGINEERING,2011,12.787257,79.654913
PALLAVAN COLLEGE OF ENGINEERING,1997,12.8767336,79.6933568
PANDIAN SARASWATHI YADAV ENGINEERING COLLEGE,2000,9.848789,78.344879
PANIMALAR ENGINEERING COLLEGE,2000,13.0515112,80.0763094
PANIMALAR INSTITUTE OF TECHNOLOGY,2008,13.0516193,80.0735591
PANNAI COLLEGE OF ENGINEERING AND TECHNOLOGY,2001,9.6897278,78.4527227
PARISUTHAM INSTITUTE OF TECHNOLOGY & SCIENCE,2008,10.7355,79.126324
PARK COLLEGE OF ENGINEERING AND TECHNOLOGY,1997,11.092343,77.163615
PARK COLLEGE OF TECHNOLOGY,2009,11.1294972,77.208336
PAVAI COLLEGE OF TECHNOLOGY,2009,11.400179,78.163294
PAVENDAR BHARATHIDASAN COLLEGE OF ENGINEERING & TECHNOLOGY,1998,10.6821479,78.7322761
PAVENDAR BHARATHIDASAN INSTITUTE OF INFORMATION TECHNOLOGY,2009,10.797197,78.6824195
PERI INSTITUTE OF TECHNOLOGY,2010,12.8860496,80.0608524
PET ENGINEERING COLLEGE,1998,8.367404,77.6357139
PGP COLLEGE OF ENGINEERING AND TECHNOLOGY,1999,11.1749917,78.0462742
PMR ENGINEERING COLLEGE,2008,13.0702245,80.1580777
PODHIGAI COLLEGE OF ENGINEERING & TECHNOLOGY,2009,12.4588027,78.5669724
POLLACHI INSTITUTE OF ENGINEERING AND TECHNOLOGY,2012,10.6738956,77.1179541
PONJESLY COLLEGE OF ENGINEERING,2004,8.2076586,77.3994811
PONNAIYAH RAMAJAYAM COLLEGE OF ENGINEERING AND TECHNOLOGY,2006,10.7140158,79.0701548
PPG INSTITUTE OF TECHNOLOGY,2008,11.0900655,77.0184356
PRATHYUSHA INSTITUTE OF TECHNOLOGY AND MANAGEMENT,2001,13.0909945,79.9723042
PRINCE DR. K. VASUDEVAN COLLEGE OF ENGINEERING AND TECHNOLOGY,2009,12.8537547,80.1743925
PRINCE SHRI VENKATESHWARA PADMAVATHY ENGINERING COLLEGE,2001,12.8515291,80.1728589
PRIYADARSHINI ENGINEERING COLLEGE,1995,12.650778,78.603696
PROFESSIONAL GROUP OF INSTITUTIONS,2010,11.007625,77.214679
PSG COLLEGE OF TECHNOLOGY,1951,11.0248086,77.0028263
PSN COLLEGE OF ENGINEERING AND TECHNOLOGY,2001,8.639492,77.640724
PSN ENGINEERING COLLEGE,2007,8.63897,77.641087
PSN INSTITUTE OF TECHNOLOGY & SCIENCE,2009,8.1685485,77.5256321
PSNA COLLEGE OF ENGINEERING AND TECHNOLOGY  DINDIGUL,1984,10.4158641,77.9017468
R.M.D. ENGINEERING COLLEGE,2001,13.3605562,80.1418116
R.M.K. COLLEGE OF ENGINEERING AND TECHNOLOGY,2008,13.3233639,80.1524982
"R.V.S. EDUCATIONAL TRUST'S GROUP OF INSTITUTIONS R.V.S. SCHOOL OF ENGINEERING
& TECHNOLOGY R.V.S. SCHOOL OF BUSINESS MANAGEMENT R.V.S. SCHOOL OF COMPUTER APPLICATION",2009,10.4208014,78.007565
RAJA COLLEGE OF ENGINEERING AND TECHNOLOGY,1995,9.9216401,78.1485487
RAJALAKSHMI ENGINEERING COLLEGE (ENGINEERING & TECHNOLOGY),1997,13.0086382,80.0042032
RAJALAKSHMI INSTITUTE OF TECHNOLOGY,2008,13.0390224,80.0454588
RAJAS INTERNATIONAL INSTITUTE OF TECHNOLOGY FOR WOMEN,2009,8.1919974,77.4406422
RAJIV GANDHI COLLEGE OF ENGINEERING,2001,13.0012371,79.9605375
RANGANATHAN ENGINEERING COLLEGE,2007,10.9931782,76.7852261
RATHINAM TECHNICAL CAMPUS,2011,10.9326935,76.9764268
RENGANAYAGI VARATHARAJ COLLEGE OF ENGINEERING,2011,9.3641524,77.8422332
ROEVER COLLEGE OF ENGINEERING & TECHNOLOGY,2009,11.2825309,78.8884208
ROEVER ENGINEERING COLLEGE,2001,11.2825309,78.8884208
ROHINI COLLEGE OF ENGINEERING AND TECHNOLOGY,2012,8.13447,77.561336
RRASE COLLEGE OF ENGINEERING,2008,12.8776805,79.9975484
RVS COLLEGE OF ENGINEERING AND TECHNOLOGY,2007,11.0159524,77.1033941
RVS PADHMAVATHY COLLEGE OF ENGINEERING AND TECHNOLOGY,2011,13.432951,79.9770677
RVS TECHNICAL CAMPUS-COIMBATORE,2009,11.0161601,77.1021755
S K R ENGINEERING COLLEGE,2001,13.3378455,80.1357365
S.A.ENGINEERING COLLEGE,1997,13.3378455,80.1357365
S.K.P. ENGINEERING COLLEGE,1999,13.3378455,80.1357365
S.VEERASAMY CHETTIAR COLLEGE OF ENGINEERING AND TECHNOLOGY,2001,9.1768913,77.4245381
SACS M.A.V.M.M. ENGINEERING COLLEGE,1998,10.0636215,78.2447791
SAKTHI ENGINEERING COLLEGE,2001,11.220931,76.94667
SAKTHI MARIAMMAN ENGINEERING COLLEGE,2001,13.0121052,79.9939656
SALEM COLLEGE OF ENGINEERING AND TECHNOLOGY,2009,11.7482001,78.2844524
SAMS COLLEGE OF ENGINEERING AND TECHNOLOGY,2006,13.346803,79.85549
SAPTHAGIRI COLLEGE OF ENGINEERING,1993,12.245448,78.194203
SARANATHAN COLLEGE OF ENGINEERING,1998,10.7561713,78.6515756
SARASWATHI VELU COLLEGE OF ENGINEERING,2001,13.0279318,79.3882622
SARASWATHY COLLEGE OF ENGINEERING AND TECHNOLOGY,2010,12.304092,79.739284
SARDAR RAJA COLLEGE OF ENGINEERING,2000,8.8771975,77.4479667
SASURIE ACADEMY OF ENGINEERING,2007,11.2172508,77.4895557
SASURIE COLLEGE OF ENGINEERING,2001,11.2172508,77.4895557
SATYAM COLLEGE OF ENGINEERING & TECHNOLOGY,2009,8.2717431,77.3898602
SAVEETHA ENGINEERING COLLEGE,2001,13.0260102,80.0161816
SBM COLLEGE OF ENGINEERING & TECHNOLOGY,2009,10.4193088,78.0458048
SCAD COLLEGE OF ENGINEERING AND TECHNOLOGY,2001,8.6747285,77.5658382
SCAD ENGINEERING COLLEGE,2009,8.6747285,77.5658382
SCAD INSTITUTE OF TECHNOLOGY,2012,10.9360486,77.2392324
SELVAM COLLEGE OF TECHNOLOGY,2006,11.2729667,78.1616092
SEMBODAI RUKMANI VARATHARAJAN ENGINEERING COLLEGE,2009,10.4524739,79.8333925
SENGUNTHAR COLLEGE OF ENGINEERING,2007,11.3141026,77.5513903
SENGUNTHAR ENGINEERING COLLEGE,2001,11.3141026,77.5513903
SETHU INSTITUTE OF TECHNOLOGY,1995,9.707973,78.0951431
SHANMUGANATHAN ENGINEERING COLLEGE,2001,10.2707759,78.7550595
SHIVANI COLLEGE OF ENGINEERING AND TECHNOLOGY,2009,10.748234,78.590869
SHIVANII ENGINEERING COLLEGE,2009,10.7328506,78.5738923
SHREE MOTILAL KANHAIYALAL FOMRA INSTITUTE OF TECHNOLOGY,2001,12.7640366,80.2016404
SHREE SATHYAM COLLEGE OF ENGINEERING AND TECHNOLOGY,2011,11.497541,77.874033
SHREE VENKATESHWARA HI-TECH ENGINEERING COLLEGE,2008,11.4411615,77.5041676
SHREENIVASA ENGINEERING COLLEGE,2010,11.9566324,78.2757501
SHRI ANDAL ALAGAR COLLEGE OF ENGINEERING,2001,12.6436695,79.938449
SHRI ANGALAMMAN COLLEGE OF ENGINEERING AND TECHNOLOGY,1991,10.9891378,78.7815428
SHRI SAPTHAGIRI INSTITUTE OF TECHNOLOGY,2009,12.8956296,79.5087007
SIR ISSAC NEWTON COLLEGE OF ENGINEERING AND TECHNOLOGY,2010,10.7447687,79.819519
SIVAJI COLLEGE OF ENGINEERING & TECHNOLOGY,2009,8.383616,77.1571219
SKP INSTITUTE OF TECHNOLOGY,2009,12.2345002,79.1249084
SNS COLLEGE OF ENGINEERING,2007,11.1035981,77.0274801
SNS COLLEGE OF TECHNOLOGY,2002,11.1035981,77.0274801
SONA COLLEGE OF TECHNOLOGY,1997,11.6774313,78.1257976
SREE KRISHNA COLLEGE OF ENGINEERING,2009,13.1013333,79.6491799
SREE SAKTHI ENGINEERING COLLEGE,2010,11.220931,76.94667
SREE SASTHA COLLEGE OF ENGINEERING,2009,13.0551033,80.0842225
SREE SASTHA INSTITUTE OF ENGINEERING AND TECHNOLOGY,1999,13.0374063,80.0537414
SREE SOWDAMBIKA COLLEGE OF ENGINEERING,2000,9.426146,78.0971039
SRG ENGINEERING COLLEGE,2009,11.1336706,78.1539491
SRI ARAVINDAR ENGINEERING COLLEGE,2008,12.0070633,79.7557593
SRI BALAJI CHOCKALINGAM ENGINEERING COLLEGE,1999,12.6762062,79.2796453
SRI BHARATHI ENGINEERING COLLEGE FOR WOMEN,2009,10.3465957,78.8475884
SRI ESHWAR COLLEGE OF ENGINEERING,2008,10.8274647,77.0604039
SRI JAYARAM INSTITUTE OF ENGINEERING AND TECHNOLOGY,2014,13.4638762,80.1392481
SRI KRISHNA COLLEGE OF ENGINEERING,2009,13.1013333,79.6491799
SRI KRISHNA COLLEGE OF ENGINEERING AND TECHNOLOGY,1998,10.9374891,76.9557846
SRI KRISHNA COLLEGE OF TECHNOLOGY,1985,10.9275248,76.925868
SRI KRISHNA ENGINEERING COLLEGE,1999,13.1013333,79.6491799
SRI KRISHNA INSTITUTE OF TECHNOLOGY,2009,12.8634979,79.9738866
SRI LAKSHMI AMMAL ENGINEERING COLLEGE,2001,12.895628,80.14312
SRI MUTHUKUMARAN INSTITUTE OF TECHNOLOGY,1996,13.0186423,80.1076117
SRI NANDHANAM COLLEGE OF ENGINEERING & TECHNOLOGY,2001,12.4621883,78.5430152
SRI RAAJA RAAJAN COLLEGE OF ENGINEERING AND TECHNOLOGY,2010,10.07,78.78
SRI RAMAKRISHNA COLLEGE OF ENGINEERING,2012,11.1967961,78.8809133
SRI RAMAKRISHNA ENGINEERING COLLEGE,1994,11.1018015,76.9664664
SRI RAMAKRISHNA INSTITUTE OF TECHNOLOGY,2002,10.9408154,76.9006223
SRI RAMANA MAHARISHI COLLEGE OF ENGINEERING,2010,12.702658,79.5801762
SRI RAMANATHAN ENGINEERING COLLEGE,2008,11.2065978,77.4892974
SRI RAMANUJAR ENGINEERING COLLEGE,2002,12.8653213,80.1145924
SRI RANGANATHAR INSTITUTE OF ENGINEERING AND TECHNOLOGY,2011,11.1290104,76.9861767
SRI RANGAPOOPATHI COLLEGE OF ENGINEERING,2009,12.2188913,79.3465557
SRI SAI RAM ENGINEERING COLLEGE,1995,12.9600107,80.0573838
SRI SAI RAM INSTITUTE OF TECHNOLOGY,2008,12.9607177,80.0527421
SRI SHAKTHI INSTITUTE OF ENGINEERING AND TECHNOLOGY,2006,11.0402778,77.0740653
SRI SHANMUGHA COLLEGE OF ENGINEERING AND TECHNOLOGY,2011,11.435136,77.8797895
SRI SIVASUBRMANIYA NADAR COLLEGE OF ENGINEERING,1996,12.7508651,80.1972702
SRI SUBRAMANYA COLLEGE OF ENGG & TECH,2000,10.4884193,77.4533975
SRI VENKATESHWARA INSTITUTE OF ENGINEERING,2011,12.6071291,78.1017208
SRI VENKATESWARA COLLEGE OF ENGINEEIRNG & TECHNOLOGY,1999,13.141537,79.892663
SRI VENKATESWARA COLLEGE OF ENGINEERING,1985,12.9874485,79.9717253
SRI VENKATESWARA INSTITUTE OF SCIENCE & TECHNOLOGY,2002,13.1547548,79.8696127
SRI VENKATESWARAA COLLEGE OF TECHNOLOGY,2010,12.907418,79.935024
SRI VIDYA COLLEGE OF ENGINEERING & TECHNOLOGY,2008,9.583252,77.929844
SRIGURU INSTITUTE OF TECHNOLOGY,2009,11.1181552,77.0157837
SRINIVASAN ENGINEERING COLLEGE,2006,12.6203264,80.1805803
SRIRAM ENGINEERING COLLEGE,1993,13.1165832,79.9914608
SRR ENGINEERING COLLEGE,2002,12.8122789,80.2157484
SRS COLLEGE OF ENGINEERING & TECHNOLOGY,2009,11.7482001,78.2844524
SSM COLLEGE OF ENGINEERING,1998,11.4405831,77.7405882
SSM INSTITUTE OF ENGINEERING AND TECHNOLOGY,2011,10.3972685,77.9203165
ST. ANNE'S COLLEGE OF ENGINEERING AND TECHNOLOGY,2009,11.776788,79.5174336
ST. JOSEPH'S COLLEGE OF ENGINEERING,1994,12.8699516,80.2157875
ST. JOSEPH'S COLLEGE OF ENGINEERING AND TECHNOLOGY,2007,10.695838,79.095925
ST. PETER'S COLLEGE OF ENGINEERING AND TECHNOLOGY,2008,13.1106488,80.1184605
ST. XAVIER'S CATHOLIC COLLEGE OF ENGINEERING,1998,8.1953653,77.3839993
ST.JOSEPH'S INSTITUTE OF TECHNOLOGY,2011,12.869726,80.219592
ST.JOSEPH COLLEGE OF ENGINEERING,2008,12.8699516,80.2157875
ST.MICHAEL COLLEGE OF ENGINEERING & TECHNOLOGY,1998,9.8546766,78.6232051
ST.MOTHER THERESA ENGINEERING COLLEGE,2009,8.737077,78.0154065
STAR LION COLLEGE OF ENGINEERING AND TECHNOLOGY,2010,10.8570195,79.1606735
STELLA MARY'S COLLEGE OF ENGINEERING,2012,8.1336521,77.343053
SUDHARSAN ENGINEERING COLLEGE,2000,10.4792771,78.778858
SUGUNA COLLEGE OF ENGINEERING,2012,11.0501919,77.0315286
SUN COLLEGE OF ENGINEERING AND TECHNOLOGY,1999,8.2303394,77.4149715
SUREYA COLLEGE OF ENGINEERING,2012,10.9819227,78.7746476
SURYA ENGINEERING COLLEGE,2008,11.308796,77.643438
SURYA GROUP OF INSTITUTIONS,2008,12.0583341,79.5479993
SVS COLLEGE OF ENGINEERING,2009,10.8530053,77.035577
SYED AMMAL ENGINEERING COLLEGE,1998,9.3699767,78.7678104
T.J. INSTITUTE OF TECHNOLOGY,2001,12.9139053,80.2294126
T.J.S.ENGINEERING COLLEGE,2009,13.3378455,80.1357365
T.S.M.JAIN COLLEGE OF TECHNOLOGY,2009,11.6811942,78.9329481
TAGORE ENGINEERING COLLEGE,1998,12.8616168,80.1310507
TAGORE INSTITUTE OF ENGINEERING AND TECHNOLOGY,2008,11.5879946,78.7245926
TAMILNADU COLLEGE OF ENGINEERING,1984,12.9849041,79.9857903
TAMIZHAN COLLEGE OF ENGINEERING & TECHNOLOGY,2008,8.24539,77.4992338
TEJAA SHAKTHI INSTITUTE OF TECHNOLOGY FOR WOMEN,2008,11.1187173,77.2059703
THAMIRABHARANI ENGINEERING COLLEGE,2011,8.7722058,77.6963103
THANGAVELU ENGINEERING COLLEGE,1995,13.0036181,80.2487296
THANTHAI PERIYAR GOVERNMENT INSTITUTE OF TECHNOLOGY,1990,12.8792766,79.1230926
THE GANDHIGRAM RURAL INSTITUTE - DEEMED UNIVERSITY,1976,10.2009,77.9119
THE KAVERY COLLEGE OF ENGINEERING,2009,11.825691,77.934956
THE KAVERY ENGINEERING COLLEGE,2006,11.8256906,77.9349557
THE NEW ROYAL COLLEGE OF ENGINEERING AND TECHNOLOGY,2008,12.6211177,80.178456
THE RAJAAS ENGINEERING COLLEGE,1984,8.2435367,77.605834
THENI KAMMAVAR SANGAM COLLEGE OF TECHNOLOGY,2007,9.980971,77.4895557
THIAGARAJAR COLLEGE OF ENGINEERING,1957,9.884974,78.08
THIRUMALAI ENGINEERING COLLEGE,1999,12.8645595,79.6596283
THIRUVALLUVAR COLLEGE OF ENGINEERING AND TECHNOLOGY,1998,13.1519493,79.848581
TRICHY ENGINEERING COLLEGE,1998,10.8437802,78.618443
TRP ENGINEERING COLLEGE,2010,10.9520625,78.754187
ULTRA COLLEGE OF ENGINEERING & TECHNOLOGY FOR WOMEN,2009,9.9729587,78.2119211
UNITED INSTITUTE OF TECHNOLOGY,2009,11.1702334,76.9222565
UNIVERSAL COLLEGE OF ENGINEERING & TECHNOLOGY,2011,8.340695,77.619417
UNIVERSITY COLLEGE OF ENGINEERING BITCAMPUS TIRUCHIRAPPALLI,2008,10.7904833,78.7046725
UNNAMALAI INSTITUTE OF TECHNOLOGY,2009,9.1801323,77.829085
V V COLLEGE OF ENGINEERING,2010,8.366757,77.857881
V.P.MUTHAIAH PILLAI MEENAKSHI AMMAL ENGINEERING COLLEGE FOR WOMEN,2002,9.5572928,77.682464
V.R.S. COLLEGE OF ENGINEERING AND TECHNOLOGY,1994,11.8197787,79.4204532
V.S.B. COLLEGE OF ENGINEERING TECHNICAL CAMPUS,2012,10.8435365,77.0178428
V.S.B. ENGINEERING COLLEGE,2002,13.3378455,80.1357365
VAIGAI COLLEGE OF ENGINEERING,2012,10.0097417,78.2988015
VALLIAMMAI ENGINEERING COLLEGE,1999,12.8257268,80.0428099
VANDAYAR ENGINEERING COLLEGE,2009,10.783842,79.214126
VARUVAN VADIVELAN INSTITUTE OF TECHNOLOGY,2008,12.1789142,78.1712283
VEDHANTHA INSTITUTE OF TECHNOLOGY,2012,11.7288375,79.3454996
VEERAMMAL ENGINEERING COLLEGE,2009,10.237578,77.8310104
VEL TECH,2009,13.0237199,80.2427164
VEL TECH HIGH TECH DR.RANGARAJAN DR.SAKUNTHALA ENGINEERING COLLEGE,2002,13.1067448,80.0969512
VEL TECH MULTI TECH DR.RANGARAJAN DR.SAKUNTHALA ENGINEERING COLLEGE,1999,13.1067448,80.0969512
VELALAR COLLEGE OF ENGINEERING AND TECHNOLOGY,2001,11.3234558,77.6754448
VELAMMAL COLLEGE OF ENGINEERING & TECHNOLOGY,2007,9.893398,78.1767499
VELAMMAL INSTITUTE OF TECHNOLOGY,2008,13.2944135,80.1492977
VETRI VINAYAHA COLLEGE OF ENGINEERING AND TECHNOLOGY,2009,11.0124871,78.307047
VI INSTITUTE OF TECHNOLOGY,2009,12.700297,80.050442
VICKRAM COLLEGE OF ENGINEERING,2001,9.8558094,78.319382
VIDHYA MANDHIR INSTITUTE OF TECHNOLOGY,2011,11.2112652,77.5841457
VIDYAA VIKAS COLLEGE OF ENGINEERING AND TECHNOLOGY,2007,11.360471,77.852179
VINS CHRISTIAN COLLEGE OF ENGINEERING,2004,8.2041365,77.3830518
VINS CHRISTIAN WOMEN`S COLLEGE OF ENGINEERING,2009,8.2041365,77.3830518
VISHNU LAKSHMI COLLEGE OF ENGINEERING & TECHNOLOGY,2013,11.0168445,76.9558321
VIVEKANANDHA COLLEGE OF ENGINEERING FOR WOMEN,2001,11.3577111,77.9463801
VIVEKANANDHA COLLEGE OF TECHNOLOGY FOR WOMEN,2009,11.3772839,77.9395971
VIVEKANANDHA ENGINEERING COLLEGE FOR WOMEN,2008,11.4581505,77.7902626
VIVEKANANDHA INSTITUTE OF ENGINEERING AND TECHNOLOGY FOR WOMEN,2006,9.9729587,78.2119211
VKS COLLEGE OF ENGINEERING AND TECHNOLOGY,2009,10.818004,78.385777
VPV COLLEGE OF ENGINEERING,2011,10.1354074,77.6223001
VSA EDUCATIONAL AND CHARITABLE TRUSTS GROUP OF INSTITUTIONS,2009,11.5766441,78.0519391
